Team,rank,played,goals,xg,goals_vs_xg,shots,shots_on_target,conv_percent,xg_per_shot,# Pl (no of players used in games),Poss,Total Touches,Def Pen (touches in defensive pen area),Def 3rd Touches,Mid 3rd Touches,Att 3rd Touches,Att Pen Touches,Dribbles Attempted,Successful Dribbles,Succ%,Times Tackled,Tackled%,Carries,TotDist Carried,Carries Towards Opp Goal,PrgC,Carries into Final 3rd,Carries into Pen Area,Miscontrols,Dispossessed,Received Passes,PrgR,errors lead to shot,errors lead to goal,yellows,reds,fouls,opp yellows,opp reds,pens conceded,,,
Arsenal,2,38,69,61.59,7.41,546,188,0.12,0.11,25,56.9,24056,1844,6064,10362,7808,1282,726,320,44.1,316,43.5,14234,75544,40246,852,540,286,483,382,16894,1801,33,1,64,6,390,82,2,3,,,
Aston Villa,6,38,58,57.31,0.69,484,170,0.11,0.12,28,50.5,21699,2646,7301,9257,5362,951,726,327,45,299,41.2,12334,68906,36242,720,448,212,508,386,14423,1331,43,13,72,4,394,102,2,3,,,
Bournemouth,9,38,58,64.97,-6.97,581,202,0.09,0.11,29,48.5,21618,2217,6444,9314,6128,1005,672,294,43.8,300,44.6,11733,69030,36709,754,534,228,597,350,12855,1474,22,5,97,3,510,88,5,4,,,
Brentford,10,38,66,60.19,5.81,440,184,0.15,0.14,28,47.9,21489,3282,8328,8055,5308,987,627,265,42.3,293,46.7,11409,61941,31661,598,380,213,549,300,13151,1339,28,8,62,1,316,78,3,1,,,
Brighton,8,38,66,59.21,6.79,533,191,0.12,0.11,32,52.3,23677,2601,7503,10292,6153,1085,797,338,42.4,382,47.9,13919,76882,41746,816,576,263,583,344,15637,1522,29,13,76,3,421,85,5,9,,,
Chelsea,4,38,64,69.19,-5.19,595,218,0.1,0.12,29,57.1,25217,2410,7564,11375,6497,1115,783,326,41.6,336,42.9,14501,78314,41394,861,493,317,466,297,17888,1576,45,14,99,2,422,96,2,6,,,
Crystal Palace,12,38,51,61.35,-10.35,516,186,0.09,0.12,29,42.8,20386,2572,7690,8437,4456,798,498,208,41.8,241,48.4,10274,51841,25240,507,352,127,492,339,11785,1141,19,8,74,4,398,78,4,2,,,
Everton,13,38,42,42.37,-0.37,406,144,0.1,0.1,26,40.9,19408,2462,6930,7927,4762,732,636,283,44.5,305,48,9535,51039,25414,486,364,119,525,390,11309,1023,25,9,80,2,420,44,2,2,,,
Fulham,11,38,54,49.88,4.12,520,173,0.1,0.1,26,52.3,23926,2641,8095,9787,6287,954,637,288,45.2,254,39.9,14026,73723,38440,786,544,213,515,281,16043,1544,33,9,81,2,425,65,3,4,,,
Ipswich Town,19,38,36,34.73,1.27,376,127,0.09,0.09,32,40.6,19091,3012,7764,7504,4032,605,643,277,43.1,290,45.1,9384,53235,26144,513,330,150,538,347,11405,920,39,14,85,5,414,63,2,6,,,
Leicester City,18,38,33,32.75,0.25,335,111,0.09,0.1,32,45.4,21748,2881,8066,9845,4048,632,638,264,41.4,304,47.6,12276,61780,30421,576,365,143,500,336,13828,1072,31,8,87,0,412,56,2,4,,,
Liverpool,1,38,86,83.46,2.54,648,231,0.13,0.13,24,57.7,25905,2422,7286,11574,7274,1315,677,301,44.5,310,45.8,14931,76219,41047,825,558,322,532,350,18113,1910,31,7,65,3,419,81,2,2,,,
Manchester City,3,38,72,69.16,2.84,607,217,0.11,0.11,30,61.3,28103,2092,6503,12076,9753,1348,799,377,47.2,301,37.7,18077,103744,56163,1146,863,404,476,395,21242,1920,35,10,57,2,276,86,2,4,,,
Manchester United,15,38,44,53.46,-9.46,527,175,0.08,0.1,31,53.5,24734,2553,8593,10460,5908,967,621,252,40.6,323,52,15116,75007,37992,697,475,230,521,353,16672,1433,26,13,84,3,387,71,3,4,,,
Newcastle United,5,38,68,65.36,2.64,525,175,0.12,0.12,24,51.3,23032,2284,7468,9671,6124,1082,657,282,42.9,298,45.4,13016,71021,36065,759,474,263,491,438,15294,1583,34,9,68,1,385,95,3,2,,,
Nottingham Forest,7,38,58,46.51,11.49,463,166,0.12,0.1,23,41.2,18996,2463,6477,7688,5064,785,581,259,44.6,233,40.1,8769,49847,26563,633,385,187,563,324,10732,1117,24,4,86,2,390,100,2,3,,,
Southampton,20,38,26,33.22,-7.22,343,111,0.07,0.1,36,48.5,22776,3003,8424,9788,4766,688,736,312,42.4,333,45.2,12656,66945,34286,640,460,165,486,355,15394,1118,51,19,89,3,445,54,1,9,,,
Tottenham,17,38,64,59.7,4.3,497,185,0.12,0.12,31,54.7,24310,2624,8155,10176,6220,1001,810,307,37.9,425,52.5,15054,82855,41718,841,567,249,538,425,16368,1582,41,11,70,1,431,85,3,3,,,
West Ham,14,38,46,48.14,-2.14,476,146,0.09,0.1,27,48.4,22887,2942,8352,9852,4896,839,793,347,43.8,360,45.4,11796,59439,29684,632,394,175,492,392,14712,1214,27,10,78,3,428,57,1,3,,,
Wolves,16,38,54,44.18,9.82,431,160,0.12,0.1,32,48.1,22329,2578,7797,10051,4750,729,731,324,44.3,315,43.1,12486,66974,34365,607,458,146,591,369,14358,1179,25,6,75,2,465,83,3,9,,,
,,,,,,,,,,,,,,,,,,,,,,,,,,,,,,,,,,,,,,,,,,,
,,,,,,,,,,,,,,,,,,,,,,,,,,,,,,,,,,,,,,,,,,,
,,,,,,,,,,,,,,,,,,,,,,,,,,,,,,,,,,,,,,,,,,,
,,,,,,,,,,,,,,,,,,,,,,,,,,,,,,,,,,,,,,,,,,,
,,,,,,,,,,,,,,,,,,,,,,,,,,,,,,,,,,,,,,,,,,,
,,,,,,,,,,,,,,,,,,,,,,,,,,,,,,,,,,,,,,,,,,,
,,,,,,,,,,,,,,,,,,,,,,,,,,,,,,,,,,,,,,,,,,,
,,,,,,,,,,,,,,,,,,,,,,,,,,,,,,,,,,,,,,,,,,,
,,,,,,,,,,,,,,,,,,,,,,,,,,,,,,,,,,,,,,,,,,,
,,,,,,,,,,,,,,,,,,,,,,,,,,,,,,,,,,,,,,,,,,,
,,,,,,,,,,,,,,,,,,,,,,,,,,,,,,,,,,,,,,,,,,,
,,,,,,,,,,,,,,,,,,,,,,,,,,,,,,,,,,,,,,,,,,,
,,,,,,,,,,,,,,,,,,,,,,,,,,,,,,,,,,,,,,,,,,,
,,,,,,,,,,,,,,,,,,,,,,,,,,,,,,,,,,,,,,,,,,,
,,,,,,,,,,,,,,,,,,,,,,,,,,,,,,,,,,,,,,,,,,,
,,,,,,,,,,,,,,,,,,,,,,,,,,,,,,,,,,,,,,,,,,,
,,,,,,,,,,,,,,,,,,,,,,,,,,,,,,,,,,,,,,,,,,,
,,,,,,,,,,,,,,,,,,,,,,,,,,,,,,,,,,,,,,,,,,,
,,,,,,,,,,,,,,,,,,,,,,,,,,,,,,,,,,,,,,,,,,,
,,,,,,,,,,,,,,,,,,,,,,,,,,,,,,,,,,,,,,,,,,,
,,,,,,,,,,,,,,,,,,,,,,,,,,,,,,,,,,,,,,,,,,,
,,,,,,,,,,,,,,,,,,,,,,,,,,,,,,,,,,,,,,,,,,,
,,,,,,,,,,,,,,,,,,,,,,,,,,,,,,,,,,,,,,,,,,,